Root Category,Product Category,Attribute Name,Attribute Data Type
,Hardware,Weight,
,Hardware,Length,
,Hardware,Height,
,Hardware,Width,
,Hardware,Shipping Length,
,Hardware,Shipping Height,
,Hardware,Shipping Width,
,Hardware,Technical Notes,
,Hardware,Brand,
,Hardware,Defining Spec 1,
,Hardware,Defining Spec 2,
,Hardware,Defining Spec 3,
,Hardware,Customer Facing Name,
,Hardware,Customer Facing Short Name,
,Hardware,Meta Title,
,Hardware,Short Description,
,Hardware,Meta Description,
,Hardware,Benefit 1,
,Hardware,Benefit 2,
,Hardware,Benefit 3,
,Hardware,Regulatory Certifications,
,Hardware,Regulatory Notes,
,Hardware,Regulatory Restrictions,
,Computer,Expansion Slot Count,
,Computer,Case Type (Chassis),
,Computer,Hardware Line,
,Computer,Series,
,Computer,Partner,
,Computer,Lifecycle Status,
,Computer,Expected Lifespan,
,Computer,End of Life Date,
,Computer,Suitable Environments,
,Computer,Tier,
,Computer,Launch Date,DateTime
,Computer,Cooling Type,
,Computer,Product Change Notes,
,Computer,Tagged Applications,
,Computer,Tagged Industries,
,Computer,Tagged Solutions,
,Computer,Included Accessories,
,Computer,System Monitoring,
,Computer,Manufacturer Product Link,
,Computer,Marketing Description,
Hardware,Computer,Weight,
Hardware,Computer,Length,
Hardware,Computer,Height,
Hardware,Computer,Width,
Hardware,Computer,Shipping Length,
Hardware,Computer,Shipping Height,
Hardware,Computer,Shipping Width,
Hardware,Computer,Technical Notes,
Hardware,Computer,Brand,
Hardware,Computer,Defining Spec 1,
Hardware,Computer,Defining Spec 2,
Hardware,Computer,Defining Spec 3,
Hardware,Computer,Customer Facing Name,
Hardware,Computer,Customer Facing Short Name,
Hardware,Computer,Meta Title,
Hardware,Computer,Short Description,
Hardware,Computer,Meta Description,
Hardware,Computer,Benefit 1,
Hardware,Computer,Benefit 2,
Hardware,Computer,Benefit 3,
Hardware,Computer,Regulatory Certifications,
Hardware,Computer,Regulatory Notes,
Hardware,Computer,Regulatory Restrictions,
Hardware,Configure,Weight,
Hardware,Configure,Length,
Hardware,Configure,Height,
Hardware,Configure,Width,
Hardware,Configure,Shipping Length,
Hardware,Configure,Shipping Height,
Hardware,Configure,Shipping Width,
Hardware,Configure,Technical Notes,
Hardware,Configure,Brand,
Hardware,Configure,Defining Spec 1,
Hardware,Configure,Defining Spec 2,
Hardware,Configure,Defining Spec 3,
Hardware,Configure,Customer Facing Name,
Hardware,Configure,Customer Facing Short Name,
Hardware,Configure,Meta Title,
Hardware,Configure,Short Description,
Hardware,Configure,Meta Description,
Hardware,Configure,Benefit 1,
Hardware,Configure,Benefit 2,
Hardware,Configure,Benefit 3,
Hardware,Configure,Regulatory Certifications,
Hardware,Configure,Regulatory Notes,
Hardware,Configure,Regulatory Restrictions,
Hardware -> Configurables,Configure,Expansion Slot Count,
Hardware -> Configurables,Configure,Case Type (Chassis),
Hardware -> Configurables,Configure,Hardware Line,
Hardware -> Configurables,Configure,Series,
Hardware -> Configurables,Configure,Partner,
Hardware -> Configurables,Configure,Lifecycle Status,
Hardware -> Configurables,Configure,Expected Lifespan,
Hardware -> Configurables,Configure,End of Life Date,
Hardware -> Configurables,Configure,Suitable Environments,
Hardware -> Configurables,Configure,Tier,
Hardware -> Configurables,Configure,Launch Date,
Hardware -> Configurables,Configure,Cooling Type,
Hardware -> Configurables,Configure,Product Change Notes,
Hardware -> Configurables,Configure,Tagged Applications,
Hardware -> Configurables,Configure,Tagged Industries,
Hardware -> Configurables,Configure,Tagged Solutions,
Hardware -> Configurables,Configure,Included Accessories,
Hardware -> Configurables,Configure,System Monitoring,
Hardware -> Configurables,Configure,Manufacturer Product Link,
Hardware -> Configurables,Configure,Marketing Description,
,PC,Case Color,
,PC,S/W Subscription Certifications,
,PC,Humidity (Operating Maximum),
,PC,Humidity (Operating Minimum),
,PC,Shock Tolerance (Non-operating),
,PC,Shock Tolerance (Operating),
,PC,Vibration Tolerance (Non-operating),
,PC,Vibration Tolerance (Operating),
,PC,Temperature (Operating Maximum),
,PC,Temperature (Operating Minimum),
,PC,Display Screen Size,
,PC,Display Brightness,
,PC,Display Aspect Ratio,
,PC,Display Contrast Ratio,
,PC,Case Material,
,PC,Case Port Punchouts,
,PC,Number of Monitor Supported,
,PC,Display Viewing Angle,
,PC,LAN Controller,
,PC,Graphics/GPU,
,PC,Output Voltage Minimum,
Hardware,PC,Weight,
Hardware,PC,Length,
Hardware,PC,Height,
Hardware,PC,Width,
Hardware,PC,Shipping Length,
Hardware,PC,Shipping Height,
Hardware,PC,Shipping Width,
Hardware,PC,Technical Notes,
Hardware,PC,Brand,
Hardware,PC,Defining Spec 1,
Hardware,PC,Defining Spec 2,
Hardware,PC,Defining Spec 3,
Hardware,PC,Customer Facing Name,
Hardware,PC,Customer Facing Short Name,
Hardware,PC,Meta Title,
Hardware,PC,Short Description,
Hardware,PC,Meta Description,
Hardware,PC,Benefit 1,
Hardware,PC,Benefit 2,
Hardware,PC,Benefit 3,
Hardware,PC,Regulatory Certifications,
Hardware,PC,Regulatory Notes,
Hardware,PC,Regulatory Restrictions,
Hardware -> Configurables,PC,Expansion Slot Count,
Hardware -> Configurables,PC,Case Type (Chassis),
Hardware -> Configurables,PC,Hardware Line,
Hardware -> Configurables,PC,Series,
Hardware -> Configurables,PC,Partner,
Hardware -> Configurables,PC,Lifecycle Status,
Hardware -> Configurables,PC,Expected Lifespan,
Hardware -> Configurables,PC,End of Life Date,
Hardware -> Configurables,PC,Suitable Environments,
Hardware -> Configurables,PC,Tier,
Hardware -> Configurables,PC,Launch Date,
Hardware -> Configurables,PC,Cooling Type,
Hardware -> Configurables,PC,Product Change Notes,
Hardware -> Configurables,PC,Tagged Applications,
Hardware -> Configurables,PC,Tagged Industries,
Hardware -> Configurables,PC,Tagged Solutions,
Hardware -> Configurables,PC,Included Accessories,
Hardware -> Configurables,PC,System Monitoring,
Hardware -> Configurables,PC,Manufacturer Product Link,
Hardware -> Configurables,PC,Marketing Description,
Hardware,Server,Weight,
Hardware,Server,Length,
Hardware,Server,Height,
Hardware,Server,Width,
Hardware,Server,Shipping Length,
Hardware,Server,Shipping Height,
Hardware,Server,Shipping Width,
Hardware,Server,Technical Notes,
Hardware,Server,Brand,
Hardware,Server,Defining Spec 1,
Hardware,Server,Defining Spec 2,
Hardware,Server,Defining Spec 3,
Hardware,Server,Customer Facing Name,
Hardware,Server,Customer Facing Short Name,
Hardware,Server,Meta Title,
Hardware,Server,Short Description,
Hardware,Server,Meta Description,
Hardware,Server,Benefit 1,
Hardware,Server,Benefit 2,
Hardware,Server,Benefit 3,
Hardware,Server,Regulatory Certifications,
Hardware,Server,Regulatory Notes,
Hardware,Server,Regulatory Restrictions,
Hardware -> Configurables,Server,Expansion Slot Count,
Hardware -> Configurables,Server,Case Type (Chassis),
Hardware -> Configurables,Server,Hardware Line,
Hardware -> Configurables,Server,Series,
Hardware -> Configurables,Server,Partner,
Hardware -> Configurables,Server,Lifecycle Status,
Hardware -> Configurables,Server,Expected Lifespan,
Hardware -> Configurables,Server,End of Life Date,
Hardware -> Configurables,Server,Suitable Environments,
Hardware -> Configurables,Server,Tier,
Hardware -> Configurables,Server,Launch Date,
Hardware -> Configurables,Server,Cooling Type,
Hardware -> Configurables,Server,Product Change Notes,
Hardware -> Configurables,Server,Tagged Applications,
Hardware -> Configurables,Server,Tagged Industries,
Hardware -> Configurables,Server,Tagged Solutions,
Hardware -> Configurables,Server,Included Accessories,
Hardware -> Configurables,Server,System Monitoring,
Hardware -> Configurables,Server,Manufacturer Product Link,
Hardware -> Configurables,Server,Marketing Description,
Hardware,Motherboard,Weight,
Hardware,Motherboard,Length,
Hardware,Motherboard,Height,
Hardware,Motherboard,Width,
Hardware,Motherboard,Shipping Length,
Hardware,Motherboard,Shipping Height,
Hardware,Motherboard,Shipping Width,
Hardware,Motherboard,Technical Notes,
Hardware,Motherboard,Brand,
Hardware,Motherboard,Defining Spec 1,
Hardware,Motherboard,Defining Spec 2,
Hardware,Motherboard,Defining Spec 3,
Hardware,Motherboard,Customer Facing Name,
Hardware,Motherboard,Customer Facing Short Name,
Hardware,Motherboard,Meta Title,
Hardware,Motherboard,Short Description,
Hardware,Motherboard,Meta Description,
Hardware,Motherboard,Benefit 1,
Hardware,Motherboard,Benefit 2,
Hardware,Motherboard,Benefit 3,
Hardware,Motherboard,Regulatory Certifications,
Hardware,Motherboard,Regulatory Notes,
Hardware,Motherboard,Regulatory Restrictions,
Hardware -> Configurables,Motherboard,Expansion Slot Count,
Hardware -> Configurables,Motherboard,Case Type (Chassis),
Hardware -> Configurables,Motherboard,Hardware Line,
Hardware -> Configurables,Motherboard,Series,
Hardware -> Configurables,Motherboard,Partner,
Hardware -> Configurables,Motherboard,Lifecycle Status,
Hardware -> Configurables,Motherboard,Expected Lifespan,
Hardware -> Configurables,Motherboard,End of Life Date,
Hardware -> Configurables,Motherboard,Suitable Environments,
Hardware -> Configurables,Motherboard,Tier,
Hardware -> Configurables,Motherboard,Launch Date,
Hardware -> Configurables,Motherboard,Cooling Type,
Hardware -> Configurables,Motherboard,Product Change Notes,
Hardware -> Configurables,Motherboard,Tagged Applications,
Hardware -> Configurables,Motherboard,Tagged Industries,
Hardware -> Configurables,Motherboard,Tagged Solutions,
Hardware -> Configurables,Motherboard,Included Accessories,
Hardware -> Configurables,Motherboard,System Monitoring,
Hardware -> Configurables,Motherboard,Manufacturer Product Link,
Hardware -> Configurables,Motherboard,Marketing Description,
Hardware,Workstation,Weight,
Hardware,Workstation,Length,
Hardware,Workstation,Height,
Hardware,Workstation,Width,
Hardware,Workstation,Shipping Length,
Hardware,Workstation,Shipping Height,
Hardware,Workstation,Shipping Width,
Hardware,Workstation,Technical Notes,
Hardware,Workstation,Brand,
Hardware,Workstation,Defining Spec 1,
Hardware,Workstation,Defining Spec 2,
Hardware,Workstation,Defining Spec 3,
Hardware,Workstation,Customer Facing Name,
Hardware,Workstation,Customer Facing Short Name,
Hardware,Workstation,Meta Title,
Hardware,Workstation,Short Description,
Hardware,Workstation,Meta Description,
Hardware,Workstation,Benefit 1,
Hardware,Workstation,Benefit 2,
Hardware,Workstation,Benefit 3,
Hardware,Workstation,Regulatory Certifications,
Hardware,Workstation,Regulatory Notes,
Hardware,Workstation,Regulatory Restrictions,
Hardware -> Configurables,Workstation,Expansion Slot Count,
Hardware -> Configurables,Workstation,Case Type (Chassis),
Hardware -> Configurables,Workstation,Hardware Line,
Hardware -> Configurables,Workstation,Series,
Hardware -> Configurables,Workstation,Partner,
Hardware -> Configurables,Workstation,Lifecycle Status,
Hardware -> Configurables,Workstation,Expected Lifespan,
Hardware -> Configurables,Workstation,End of Life Date,
Hardware -> Configurables,Workstation,Suitable Environments,
Hardware -> Configurables,Workstation,Tier,
Hardware -> Configurables,Workstation,Launch Date,
Hardware -> Configurables,Workstation,Cooling Type,
Hardware -> Configurables,Workstation,Product Change Notes,
Hardware -> Configurables,Workstation,Tagged Applications,
Hardware -> Configurables,Workstation,Tagged Industries,
Hardware -> Configurables,Workstation,Tagged Solutions,
Hardware -> Configurables,Workstation,Included Accessories,
Hardware -> Configurables,Workstation,System Monitoring,
Hardware -> Configurables,Workstation,Manufacturer Product Link,
Hardware -> Configurables,Workstation,Marketing Description,
,Accessories,Included Accessories,
,Accessories,Customer Facing Short Name,
,Accessories,Power Consumption,
,Accessories,Temperature (Operating Maximum),
,Accessories,Temperature (Operating Minimum),
,Accessories,Input Voltage Minimum,
,Accessories,Input Voltage Maximum,
Hardware,Accessories,Weight,
Hardware,Accessories,Length,
Hardware,Accessories,Height,
Hardware,Accessories,Width,
Hardware,Accessories,Shipping Length,
Hardware,Accessories,Shipping Height,
Hardware,Accessories,Shipping Width,
Hardware,Accessories,Technical Notes,
Hardware,Accessories,Brand,
Hardware,Accessories,Defining Spec 1,
Hardware,Accessories,Defining Spec 2,
Hardware,Accessories,Defining Spec 3,
Hardware,Accessories,Customer Facing Name,
Hardware,Accessories,Customer Facing Short Name,
Hardware,Accessories,Meta Title,
Hardware,Accessories,Short Description,
Hardware,Accessories,Meta Description,
Hardware,Accessories,Benefit 1,
Hardware,Accessories,Benefit 2,
Hardware,Accessories,Benefit 3,
Hardware,Accessories,Regulatory Certifications,
Hardware,Accessories,Regulatory Notes,
Hardware,Accessories,Regulatory Restrictions,
Hardware -> Components,Accessories,Product Change Notes,
Hardware -> Components,Accessories,Manufacturer Product Link,
Hardware -> Components,Accessories,Manufacturer Warranty,
Hardware -> Components,Accessories,Manufacturer Expected Lifecycle,
Hardware -> Components,Accessories,Manufacturer Launch Date,
Hardware -> Components,Accessories,Tagged Applications,
Hardware -> Components,Accessories,Tagged Industries,
Hardware -> Components,Accessories,Tagged Solutions,
Hardware -> Components,Accessories,Reporting Category,
Hardware -> Components,Accessories,GTIN,
Hardware,Adapters,Weight,
Hardware,Adapters,Length,
Hardware,Adapters,Height,
Hardware,Adapters,Width,
Hardware,Adapters,Shipping Length,
Hardware,Adapters,Shipping Height,
Hardware,Adapters,Shipping Width,
Hardware,Adapters,Technical Notes,
Hardware,Adapters,Brand,
Hardware,Adapters,Defining Spec 1,
Hardware,Adapters,Defining Spec 2,
Hardware,Adapters,Defining Spec 3,
Hardware,Adapters,Customer Facing Name,
Hardware,Adapters,Customer Facing Short Name,
Hardware,Adapters,Meta Title,
Hardware,Adapters,Short Description,
Hardware,Adapters,Meta Description,
Hardware,Adapters,Benefit 1,
Hardware,Adapters,Benefit 2,
Hardware,Adapters,Benefit 3,
Hardware,Adapters,Regulatory Certifications,
Hardware,Adapters,Regulatory Notes,
Hardware,Adapters,Regulatory Restrictions,
Hardware -> Components,Adapters,Product Change Notes,
Hardware -> Components,Adapters,Manufacturer Product Link,
Hardware -> Components,Adapters,Manufacturer Warranty,
Hardware -> Components,Adapters,Manufacturer Expected Lifecycle,
Hardware -> Components,Adapters,Manufacturer Launch Date,
Hardware -> Components,Adapters,Tagged Applications,
Hardware -> Components,Adapters,Tagged Industries,
Hardware -> Components,Adapters,Tagged Solutions,
Hardware -> Components,Adapters,Reporting Category,
Hardware -> Components,Adapters,GTIN,
Hardware -> Components -> Accessories,Adapters,Included Accessories,
Hardware -> Components -> Accessories,Adapters,Customer Facing Short Name,
Hardware -> Components -> Accessories,Adapters,Power Consumption,
Hardware -> Components -> Accessories,Adapters,Temperature (Operating Maximum),
Hardware -> Components -> Accessories,Adapters,Temperature (Operating Minimum),
Hardware -> Components -> Accessories,Adapters,Input Voltage Minimum,
Hardware -> Components -> Accessories,Adapters,Input Voltage Maximum,
,CPU Coolers/Fans,Fan Bearing Type,
,CPU Coolers/Fans,Fan Bearing RPM,
Hardware,CPU Coolers/Fans,Weight,
Hardware,CPU Coolers/Fans,Length,
Hardware,CPU Coolers/Fans,Height,
Hardware,CPU Coolers/Fans,Width,
Hardware,CPU Coolers/Fans,Shipping Length,
Hardware,CPU Coolers/Fans,Shipping Height,
Hardware,CPU Coolers/Fans,Shipping Width,
Hardware,CPU Coolers/Fans,Technical Notes,
Hardware,CPU Coolers/Fans,Brand,
Hardware,CPU Coolers/Fans,Defining Spec 1,
Hardware,CPU Coolers/Fans,Defining Spec 2,
Hardware,CPU Coolers/Fans,Defining Spec 3,
Hardware,CPU Coolers/Fans,Customer Facing Name,
Hardware,CPU Coolers/Fans,Customer Facing Short Name,
Hardware,CPU Coolers/Fans,Meta Title,
Hardware,CPU Coolers/Fans,Short Description,
Hardware,CPU Coolers/Fans,Meta Description,
Hardware,CPU Coolers/Fans,Benefit 1,
Hardware,CPU Coolers/Fans,Benefit 2,
Hardware,CPU Coolers/Fans,Benefit 3,
Hardware,CPU Coolers/Fans,Regulatory Certifications,
Hardware,CPU Coolers/Fans,Regulatory Notes,
Hardware,CPU Coolers/Fans,Regulatory Restrictions,
Hardware -> Components,CPU Coolers/Fans,Product Change Notes,
Hardware -> Components,CPU Coolers/Fans,Manufacturer Product Link,
Hardware -> Components,CPU Coolers/Fans,Manufacturer Warranty,
Hardware -> Components,CPU Coolers/Fans,Manufacturer Expected Lifecycle,
Hardware -> Components,CPU Coolers/Fans,Manufacturer Launch Date,
Hardware -> Components,CPU Coolers/Fans,Tagged Applications,
Hardware -> Components,CPU Coolers/Fans,Tagged Industries,
Hardware -> Components,CPU Coolers/Fans,Tagged Solutions,
Hardware -> Components,CPU Coolers/Fans,Reporting Category,
Hardware -> Components,CPU Coolers/Fans,GTIN,
Hardware -> Components -> Accessories,CPU Coolers/Fans,Included Accessories,
Hardware -> Components -> Accessories,CPU Coolers/Fans,Customer Facing Short Name,
Hardware -> Components -> Accessories,CPU Coolers/Fans,Power Consumption,
Hardware -> Components -> Accessories,CPU Coolers/Fans,Temperature (Operating Maximum),
Hardware -> Components -> Accessories,CPU Coolers/Fans,Temperature (Operating Minimum),
Hardware -> Components -> Accessories,CPU Coolers/Fans,Input Voltage Minimum,
Hardware -> Components -> Accessories,CPU Coolers/Fans,Input Voltage Maximum,
Hardware,Mounting Hardware,Weight,
Hardware,Mounting Hardware,Length,
Hardware,Mounting Hardware,Height,
Hardware,Mounting Hardware,Width,
Hardware,Mounting Hardware,Shipping Length,
Hardware,Mounting Hardware,Shipping Height,
Hardware,Mounting Hardware,Shipping Width,
Hardware,Mounting Hardware,Technical Notes,
Hardware,Mounting Hardware,Brand,
Hardware,Mounting Hardware,Defining Spec 1,
Hardware,Mounting Hardware,Defining Spec 2,
Hardware,Mounting Hardware,Defining Spec 3,
Hardware,Mounting Hardware,Customer Facing Name,
Hardware,Mounting Hardware,Customer Facing Short Name,
Hardware,Mounting Hardware,Meta Title,
Hardware,Mounting Hardware,Short Description,
Hardware,Mounting Hardware,Meta Description,
Hardware,Mounting Hardware,Benefit 1,
Hardware,Mounting Hardware,Benefit 2,
Hardware,Mounting Hardware,Benefit 3,
Hardware,Mounting Hardware,Regulatory Certifications,
Hardware,Mounting Hardware,Regulatory Notes,
Hardware,Mounting Hardware,Regulatory Restrictions,
Hardware -> Components,Mounting Hardware,Product Change Notes,
Hardware -> Components,Mounting Hardware,Manufacturer Product Link,
Hardware -> Components,Mounting Hardware,Manufacturer Warranty,
Hardware -> Components,Mounting Hardware,Manufacturer Expected Lifecycle,
Hardware -> Components,Mounting Hardware,Manufacturer Launch Date,
Hardware -> Components,Mounting Hardware,Tagged Applications,
Hardware -> Components,Mounting Hardware,Tagged Industries,
Hardware -> Components,Mounting Hardware,Tagged Solutions,
Hardware -> Components,Mounting Hardware,Reporting Category,
Hardware -> Components,Mounting Hardware,GTIN,
Hardware -> Components -> Accessories,Mounting Hardware,Included Accessories,
Hardware -> Components -> Accessories,Mounting Hardware,Customer Facing Short Name,
Hardware -> Components -> Accessories,Mounting Hardware,Power Consumption,
Hardware -> Components -> Accessories,Mounting Hardware,Temperature (Operating Maximum),
Hardware -> Components -> Accessories,Mounting Hardware,Temperature (Operating Minimum),
Hardware -> Components -> Accessories,Mounting Hardware,Input Voltage Minimum,
Hardware -> Components -> Accessories,Mounting Hardware,Input Voltage Maximum,
,Power Adapters,Output Current Minimum,
Hardware,Power Adapters,Weight,
Hardware,Power Adapters,Length,
Hardware,Power Adapters,Height,
Hardware,Power Adapters,Width,
Hardware,Power Adapters,Shipping Length,
Hardware,Power Adapters,Shipping Height,
Hardware,Power Adapters,Shipping Width,
Hardware,Power Adapters,Technical Notes,
Hardware,Power Adapters,Brand,
Hardware,Power Adapters,Defining Spec 1,
Hardware,Power Adapters,Defining Spec 2,
Hardware,Power Adapters,Defining Spec 3,
Hardware,Power Adapters,Customer Facing Name,
Hardware,Power Adapters,Customer Facing Short Name,
Hardware,Power Adapters,Meta Title,
Hardware,Power Adapters,Short Description,
Hardware,Power Adapters,Meta Description,
Hardware,Power Adapters,Benefit 1,
Hardware,Power Adapters,Benefit 2,
Hardware,Power Adapters,Benefit 3,
Hardware,Power Adapters,Regulatory Certifications,
Hardware,Power Adapters,Regulatory Notes,
Hardware,Power Adapters,Regulatory Restrictions,
Hardware -> Components,Power Adapters,Product Change Notes,
Hardware -> Components,Power Adapters,Manufacturer Product Link,
Hardware -> Components,Power Adapters,Manufacturer Warranty,
Hardware -> Components,Power Adapters,Manufacturer Expected Lifecycle,
Hardware -> Components,Power Adapters,Manufacturer Launch Date,
Hardware -> Components,Power Adapters,Tagged Applications,
Hardware -> Components,Power Adapters,Tagged Industries,
Hardware -> Components,Power Adapters,Tagged Solutions,
Hardware -> Components,Power Adapters,Reporting Category,
Hardware -> Components,Power Adapters,GTIN,
Hardware -> Components -> Accessories,Power Adapters,Included Accessories,
Hardware -> Components -> Accessories,Power Adapters,Customer Facing Short Name,
Hardware -> Components -> Accessories,Power Adapters,Power Consumption,
Hardware -> Components -> Accessories,Power Adapters,Temperature (Operating Maximum),
Hardware -> Components -> Accessories,Power Adapters,Temperature (Operating Minimum),
Hardware -> Components -> Accessories,Power Adapters,Input Voltage Minimum,
Hardware -> Components -> Accessories,Power Adapters,Input Voltage Maximum,
,Battery,Output Current Minimum,
,Battery,Output Power Minimum,
,Battery,Output Voltage Minimum,
,Battery,Cable Connectors,
,Battery,Power Input Connector,
,Battery,Temperature (Operating Maximum),
,Battery,Temperature (Operating Minimum),
,Battery,Humidity (Operating Maximum),
,Battery,Humidity (Operating Minimum),
,Battery,DC Output Cord Length,
,Battery,Power Cord Length,
,Battery,Power AC Frequency Maximum,
,Battery,Power AC Frequency Minimum,
,Battery,Input Voltage Maximum,
,Battery,Input Voltage Minimum,
,Battery,Power Automotive Features,
,Battery,Power Cable Coupler,
,Battery,Input Current Maximum,
,Battery,Input Current Minimum,
,Battery,Input Power Maximum,
,Battery,Input Power Minimum,
Hardware,Battery,Weight,
Hardware,Battery,Length,
Hardware,Battery,Height,
Hardware,Battery,Width,
Hardware,Battery,Shipping Length,
Hardware,Battery,Shipping Height,
Hardware,Battery,Shipping Width,
Hardware,Battery,Technical Notes,
Hardware,Battery,Brand,
Hardware,Battery,Defining Spec 1,
Hardware,Battery,Defining Spec 2,
Hardware,Battery,Defining Spec 3,
Hardware,Battery,Customer Facing Name,
Hardware,Battery,Customer Facing Short Name,
Hardware,Battery,Meta Title,
Hardware,Battery,Short Description,
Hardware,Battery,Meta Description,
Hardware,Battery,Benefit 1,
Hardware,Battery,Benefit 2,
Hardware,Battery,Benefit 3,
Hardware,Battery,Regulatory Certifications,
Hardware,Battery,Regulatory Notes,
Hardware,Battery,Regulatory Restrictions,
Hardware -> Rechargeable,Battery,Product Change Notes,
Hardware -> Rechargeable,Battery,Manufacturer Product Link,
Hardware -> Rechargeable,Battery,Manufacturer Warranty,
Hardware -> Rechargeable,Battery,Manufacturer Expected Lifecycle,
Hardware -> Rechargeable,Battery,Manufacturer Launch Date,
Hardware -> Rechargeable,Battery,Tagged Applications,
Hardware -> Rechargeable,Battery,Tagged Industries,
Hardware -> Rechargeable,Battery,Tagged Solutions,
Hardware -> Rechargeable,Battery,Reporting Category,
Hardware -> Rechargeable,Battery,GTIN,
Hardware -> Rechargeable,Battery,Included Accessories,
Hardware -> Rechargeable,Battery,Customer Facing Short Name,
Hardware -> Rechargeable,Battery,Power Consumption,
Hardware -> Rechargeable,Battery,Temperature (Operating Maximum),
Hardware -> Rechargeable,Battery,Temperature (Operating Minimum),
Hardware -> Rechargeable,Battery,Input Voltage Minimum,
Hardware -> Rechargeable,Battery,Input Voltage Maximum,
,Charger,Output Voltage Minimum,
,Charger,Output Current Minimum,
,Charger,Output Power Minimum,
,Charger,Shock Tolerance (Operating),
,Charger,Vibration Tolerance (Operating),
,Charger,Vibration Tolerance (Non-operating),
,Charger,Shock Tolerance (Non-operating),
,Charger,Temperature (Operating Minimum),
,Charger,Temperature (Operating Maximum),
,Charger,Power AC Frequency Minimum,
,Charger,Power AC Frequency Maximum,
,Charger,Marketing Description,
Hardware,Charger,Weight,
Hardware,Charger,Length,
Hardware,Charger,Height,
Hardware,Charger,Width,
Hardware,Charger,Shipping Length,
Hardware,Charger,Shipping Height,
Hardware,Charger,Shipping Width,
Hardware,Charger,Technical Notes,
Hardware,Charger,Brand,
Hardware,Charger,Defining Spec 1,
Hardware,Charger,Defining Spec 2,
Hardware,Charger,Defining Spec 3,
Hardware,Charger,Customer Facing Name,
Hardware,Charger,Customer Facing Short Name,
Hardware,Charger,Meta Title,
Hardware,Charger,Short Description,
Hardware,Charger,Meta Description,
Hardware,Charger,Benefit 1,
Hardware,Charger,Benefit 2,
Hardware,Charger,Benefit 3,
Hardware,Charger,Regulatory Certifications,
Hardware,Charger,Regulatory Notes,
Hardware,Charger,Regulatory Restrictions,
Hardware -> Components,Charger,Product Change Notes,
Hardware -> Components,Charger,Manufacturer Product Link,
Hardware -> Components,Charger,Manufacturer Warranty,
Hardware -> Components,Charger,Manufacturer Expected Lifecycle,
Hardware -> Components,Charger,Manufacturer Launch Date,
Hardware -> Components,Charger,Tagged Applications,
Hardware -> Components,Charger,Tagged Industries,
Hardware -> Components,Charger,Tagged Solutions,
Hardware -> Components,Charger,Reporting Category,
Hardware -> Components,Charger,GTIN,
Hardware -> Components -> Accessories,Charger,Included Accessories,
Hardware -> Components -> Accessories,Charger,Customer Facing Short Name,
Hardware -> Components -> Accessories,Charger,Power Consumption,
Hardware -> Components -> Accessories,Charger,Temperature (Operating Maximum),
Hardware -> Components -> Accessories,Charger,Temperature (Operating Minimum),
Hardware -> Components -> Accessories,Charger,Input Voltage Minimum,
Hardware -> Components -> Accessories,Charger,Input Voltage Maximum,
Hardware,SD Card,Weight,
Hardware,SD Card,Length,
Hardware,SD Card,Height,
Hardware,SD Card,Width,
Hardware,SD Card,Shipping Length,
Hardware,SD Card,Shipping Height,
Hardware,SD Card,Shipping Width,
Hardware,SD Card,Technical Notes,
Hardware,SD Card,Brand,
Hardware,SD Card,Defining Spec 1,
Hardware,SD Card,Defining Spec 2,
Hardware,SD Card,Defining Spec 3,
Hardware,SD Card,Customer Facing Name,
Hardware,SD Card,Customer Facing Short Name,
Hardware,SD Card,Meta Title,
Hardware,SD Card,Short Description,
Hardware,SD Card,Meta Description,
Hardware,SD Card,Benefit 1,
Hardware,SD Card,Benefit 2,
Hardware,SD Card,Benefit 3,
Hardware,SD Card,Regulatory Certifications,
Hardware,SD Card,Regulatory Notes,
Hardware,SD Card,Regulatory Restrictions,
Hardware -> Components,SD Card,Product Change Notes,
Hardware -> Components,SD Card,Manufacturer Product Link,
Hardware -> Components,SD Card,Manufacturer Warranty,
Hardware -> Components,SD Card,Manufacturer Expected Lifecycle,
Hardware -> Components,SD Card,Manufacturer Launch Date,
Hardware -> Components,SD Card,Tagged Applications,
Hardware -> Components,SD Card,Tagged Industries,
Hardware -> Components,SD Card,Tagged Solutions,
Hardware -> Components,SD Card,Reporting Category,
Hardware -> Components,SD Card,GTIN,
Hardware -> Components -> Accessories,SD Card,Included Accessories,
Hardware -> Components -> Accessories,SD Card,Customer Facing Short Name,
Hardware -> Components -> Accessories,SD Card,Power Consumption,
Hardware -> Components -> Accessories,SD Card,Temperature (Operating Maximum),
Hardware -> Components -> Accessories,SD Card,Temperature (Operating Minimum),
Hardware -> Components -> Accessories,SD Card,Input Voltage Minimum,
Hardware -> Components -> Accessories,SD Card,Input Voltage Maximum,
,Monitor,Case Material,
,Monitor,Case Color,
,Monitor,Case Type (Chassis),
,Monitor,Power Consumption,
,Monitor,Marketing Description,
,Monitor,Display Aspect Ratio,
,Monitor,Display Brightness,
,Monitor,Display Contrast Ratio,
,Monitor,Display Mounting Options,
,Monitor,Display Resolution,
,Monitor,Display Screen Size,
,Monitor,Display Viewing Angle,
,Monitor,Display Touchscreen Type,
,Monitor,Suitable Environments,
,Monitor,Shock Tolerance (Operating),
,Monitor,Vibration Tolerance (Operating),
,Monitor,Input/Output (dictionary),
,Monitor,Input Voltage Maximum,
,Monitor,Input Voltage Minimum,
Hardware,Monitor,Weight,
Hardware,Monitor,Length,
Hardware,Monitor,Height,
Hardware,Monitor,Width,
Hardware,Monitor,Shipping Length,
Hardware,Monitor,Shipping Height,
Hardware,Monitor,Shipping Width,
Hardware,Monitor,Technical Notes,
Hardware,Monitor,Brand,
Hardware,Monitor,Defining Spec 1,
Hardware,Monitor,Defining Spec 2,
Hardware,Monitor,Defining Spec 3,
Hardware,Monitor,Customer Facing Name,
Hardware,Monitor,Customer Facing Short Name,
Hardware,Monitor,Meta Title,
Hardware,Monitor,Short Description,
Hardware,Monitor,Meta Description,
Hardware,Monitor,Benefit 1,
Hardware,Monitor,Benefit 2,
Hardware,Monitor,Benefit 3,
Hardware,Monitor,Regulatory Certifications,
Hardware,Monitor,Regulatory Notes,
Hardware,Monitor,Regulatory Restrictions,
Hardware -> Components,Monitor,Product Change Notes,
Hardware -> Components,Monitor,Manufacturer Product Link,
Hardware -> Components,Monitor,Manufacturer Warranty,
Hardware -> Components,Monitor,Manufacturer Expected Lifecycle,
Hardware -> Components,Monitor,Manufacturer Launch Date,
Hardware -> Components,Monitor,Tagged Applications,
Hardware -> Components,Monitor,Tagged Industries,
Hardware -> Components,Monitor,Tagged Solutions,
Hardware -> Components,Monitor,Reporting Category,
Hardware -> Components,Monitor,GTIN,
,Graphic Card,Cooling Type,
,Graphic Card,Expansion Daughterboard Type,
,Graphic Card,Networking Type,
,Graphic Card,Connectivity,
,Graphic Card,Mobile Frequency Bands,
,Graphic Card,Network Standards,
,Graphic Card,LAN Ports,
,Graphic Card,Cable Connectors,
,Graphic Card,Shock Tolerance (Operating),
,Graphic Card,Shock Tolerance (Non-operating),
,Graphic Card,Vibration Tolerance (Operating),
,Graphic Card,Vibration Tolerance (Non-operating),
,Graphic Card,Expansion Slot Count,
,Graphic Card,Expansion Options,
,Graphic Card,SSD Options,
,Graphic Card,Power Consumption,
,Graphic Card,Input Voltage Maximum,
,Graphic Card,Input Voltage Minimum,
,Graphic Card,Input/Output (dictionary),
Hardware,Graphic Card,Weight,
Hardware,Graphic Card,Length,
Hardware,Graphic Card,Height,
Hardware,Graphic Card,Width,
Hardware,Graphic Card,Shipping Length,
Hardware,Graphic Card,Shipping Height,
Hardware,Graphic Card,Shipping Width,
Hardware,Graphic Card,Technical Notes,
Hardware,Graphic Card,Brand,
Hardware,Graphic Card,Defining Spec 1,
Hardware,Graphic Card,Defining Spec 2,
Hardware,Graphic Card,Defining Spec 3,
Hardware,Graphic Card,Customer Facing Name,
Hardware,Graphic Card,Customer Facing Short Name,
Hardware,Graphic Card,Meta Title,
Hardware,Graphic Card,Short Description,
Hardware,Graphic Card,Meta Description,
Hardware,Graphic Card,Benefit 1,
Hardware,Graphic Card,Benefit 2,
Hardware,Graphic Card,Benefit 3,
Hardware,Graphic Card,Regulatory Certifications,
Hardware,Graphic Card,Regulatory Notes,
Hardware,Graphic Card,Regulatory Restrictions,
Hardware -> Components,Graphic Card,Product Change Notes,
Hardware -> Components,Graphic Card,Manufacturer Product Link,
Hardware -> Components,Graphic Card,Manufacturer Warranty,
Hardware -> Components,Graphic Card,Manufacturer Expected Lifecycle,
Hardware -> Components,Graphic Card,Manufacturer Launch Date,
Hardware -> Components,Graphic Card,Tagged Applications,
Hardware -> Components,Graphic Card,Tagged Industries,
Hardware -> Components,Graphic Card,Tagged Solutions,
Hardware -> Components,Graphic Card,Reporting Category,
Hardware -> Components,Graphic Card,GTIN,
Hardware,Speaker,Weight,
Hardware,Speaker,Length,
Hardware,Speaker,Height,
Hardware,Speaker,Width,
Hardware,Speaker,Shipping Length,
Hardware,Speaker,Shipping Height,
Hardware,Speaker,Shipping Width,
Hardware,Speaker,Technical Notes,
Hardware,Speaker,Brand,
Hardware,Speaker,Defining Spec 1,
Hardware,Speaker,Defining Spec 2,
Hardware,Speaker,Defining Spec 3,
Hardware,Speaker,Customer Facing Name,
Hardware,Speaker,Customer Facing Short Name,
Hardware,Speaker,Meta Title,
Hardware,Speaker,Short Description,
Hardware,Speaker,Meta Description,
Hardware,Speaker,Benefit 1,
Hardware,Speaker,Benefit 2,
Hardware,Speaker,Benefit 3,
Hardware,Speaker,Regulatory Certifications,
Hardware,Speaker,Regulatory Notes,
Hardware,Speaker,Regulatory Restrictions,
Hardware -> Components,Speaker,Product Change Notes,
Hardware -> Components,Speaker,Manufacturer Product Link,
Hardware -> Components,Speaker,Manufacturer Warranty,
Hardware -> Components,Speaker,Manufacturer Expected Lifecycle,
Hardware -> Components,Speaker,Manufacturer Launch Date,
Hardware -> Components,Speaker,Tagged Applications,
Hardware -> Components,Speaker,Tagged Industries,
Hardware -> Components,Speaker,Tagged Solutions,
Hardware -> Components,Speaker,Reporting Category,
Hardware -> Components,Speaker,GTIN,
Hardware -> Components,Speaker,Cooling Type,
Hardware -> Components,Speaker,Expansion Daughterboard Type,
Hardware -> Components,Speaker,Networking Type,
Hardware -> Components,Speaker,Connectivity,
Hardware -> Components,Speaker,Mobile Frequency Bands,
Hardware -> Components,Speaker,Network Standards,
Hardware -> Components,Speaker,LAN Ports,
Hardware -> Components,Speaker,Cable Connectors,
Hardware -> Components,Speaker,Shock Tolerance (Operating),
Hardware -> Components,Speaker,Shock Tolerance (Non-operating),
Hardware -> Components,Speaker,Vibration Tolerance (Operating),
Hardware -> Components,Speaker,Vibration Tolerance (Non-operating),
Hardware -> Components,Speaker,Expansion Slot Count,
Hardware -> Components,Speaker,Expansion Options,
Hardware -> Components,Speaker,SSD Options,
Hardware -> Components,Speaker,Power Consumption,
Hardware -> Components,Speaker,Input Voltage Maximum,
Hardware -> Components,Speaker,Input Voltage Minimum,
Hardware -> Components,Speaker,Input/Output (dictionary),
Hardware,Bluetooth,Weight,
Hardware,Bluetooth,Length,
Hardware,Bluetooth,Height,
Hardware,Bluetooth,Width,
Hardware,Bluetooth,Shipping Length,
Hardware,Bluetooth,Shipping Height,
Hardware,Bluetooth,Shipping Width,
Hardware,Bluetooth,Technical Notes,
Hardware,Bluetooth,Brand,
Hardware,Bluetooth,Defining Spec 1,
Hardware,Bluetooth,Defining Spec 2,
Hardware,Bluetooth,Defining Spec 3,
Hardware,Bluetooth,Customer Facing Name,
Hardware,Bluetooth,Customer Facing Short Name,
Hardware,Bluetooth,Meta Title,
Hardware,Bluetooth,Short Description,
Hardware,Bluetooth,Meta Description,
Hardware,Bluetooth,Benefit 1,
Hardware,Bluetooth,Benefit 2,
Hardware,Bluetooth,Benefit 3,
Hardware,Bluetooth,Regulatory Certifications,
Hardware,Bluetooth,Regulatory Notes,
Hardware,Bluetooth,Regulatory Restrictions,
Hardware -> Components,Bluetooth,Product Change Notes,
Hardware -> Components,Bluetooth,Manufacturer Product Link,
Hardware -> Components,Bluetooth,Manufacturer Warranty,
Hardware -> Components,Bluetooth,Manufacturer Expected Lifecycle,
Hardware -> Components,Bluetooth,Manufacturer Launch Date,
Hardware -> Components,Bluetooth,Tagged Applications,
Hardware -> Components,Bluetooth,Tagged Industries,
Hardware -> Components,Bluetooth,Tagged Solutions,
Hardware -> Components,Bluetooth,Reporting Category,
Hardware -> Components,Bluetooth,GTIN,
Hardware -> Components,Bluetooth,Cooling Type,
Hardware -> Components,Bluetooth,Expansion Daughterboard Type,
Hardware -> Components,Bluetooth,Networking Type,
Hardware -> Components,Bluetooth,Connectivity,
Hardware -> Components,Bluetooth,Mobile Frequency Bands,
Hardware -> Components,Bluetooth,Network Standards,
Hardware -> Components,Bluetooth,LAN Ports,
Hardware -> Components,Bluetooth,Cable Connectors,
Hardware -> Components,Bluetooth,Shock Tolerance (Operating),
Hardware -> Components,Bluetooth,Shock Tolerance (Non-operating),
Hardware -> Components,Bluetooth,Vibration Tolerance (Operating),
Hardware -> Components,Bluetooth,Vibration Tolerance (Non-operating),
Hardware -> Components,Bluetooth,Expansion Slot Count,
Hardware -> Components,Bluetooth,Expansion Options,
Hardware -> Components,Bluetooth,SSD Options,
Hardware -> Components,Bluetooth,Power Consumption,
Hardware -> Components,Bluetooth,Input Voltage Maximum,
Hardware -> Components,Bluetooth,Input Voltage Minimum,
Hardware -> Components,Bluetooth,Input/Output (dictionary),
Hardware,Cellphone,Weight,
Hardware,Cellphone,Length,
Hardware,Cellphone,Height,
Hardware,Cellphone,Width,
Hardware,Cellphone,Shipping Length,
Hardware,Cellphone,Shipping Height,
Hardware,Cellphone,Shipping Width,
Hardware,Cellphone,Technical Notes,
Hardware,Cellphone,Brand,
Hardware,Cellphone,Defining Spec 1,
Hardware,Cellphone,Defining Spec 2,
Hardware,Cellphone,Defining Spec 3,
Hardware,Cellphone,Customer Facing Name,
Hardware,Cellphone,Customer Facing Short Name,
Hardware,Cellphone,Meta Title,
Hardware,Cellphone,Short Description,
Hardware,Cellphone,Meta Description,
Hardware,Cellphone,Benefit 1,
Hardware,Cellphone,Benefit 2,
Hardware,Cellphone,Benefit 3,
Hardware,Cellphone,Regulatory Certifications,
Hardware,Cellphone,Regulatory Notes,
Hardware,Cellphone,Regulatory Restrictions,
Hardware -> Components,Cellphone,Product Change Notes,
Hardware -> Components,Cellphone,Manufacturer Product Link,
Hardware -> Components,Cellphone,Manufacturer Warranty,
Hardware -> Components,Cellphone,Manufacturer Expected Lifecycle,
Hardware -> Components,Cellphone,Manufacturer Launch Date,
Hardware -> Components,Cellphone,Tagged Applications,
Hardware -> Components,Cellphone,Tagged Industries,
Hardware -> Components,Cellphone,Tagged Solutions,
Hardware -> Components,Cellphone,Reporting Category,
Hardware -> Components,Cellphone,GTIN,
Hardware -> Components,Cellphone,Cooling Type,
Hardware -> Components,Cellphone,Expansion Daughterboard Type,
Hardware -> Components,Cellphone,Networking Type,
Hardware -> Components,Cellphone,Connectivity,
Hardware -> Components,Cellphone,Mobile Frequency Bands,
Hardware -> Components,Cellphone,Network Standards,
Hardware -> Components,Cellphone,LAN Ports,
Hardware -> Components,Cellphone,Cable Connectors,
Hardware -> Components,Cellphone,Shock Tolerance (Operating),
Hardware -> Components,Cellphone,Shock Tolerance (Non-operating),
Hardware -> Components,Cellphone,Vibration Tolerance (Operating),
Hardware -> Components,Cellphone,Vibration Tolerance (Non-operating),
Hardware -> Components,Cellphone,Expansion Slot Count,
Hardware -> Components,Cellphone,Expansion Options,
Hardware -> Components,Cellphone,SSD Options,
Hardware -> Components,Cellphone,Power Consumption,
Hardware -> Components,Cellphone,Input Voltage Maximum,
Hardware -> Components,Cellphone,Input Voltage Minimum,
Hardware -> Components,Cellphone,Input/Output (dictionary),
,RAM,RAM Speed,
,RAM,RAM Type,
,RAM,RAM Capacity,
,RAM,Temperature (Operating Maximum),
,RAM,Temperature (Operating Minimum),
,RAM,Power Consumption,
,RAM,Input Voltage Maximum,
,RAM,Input Voltage Minimum,
,RAM,Marketing Description,
Hardware,RAM,Weight,
Hardware,RAM,Length,
Hardware,RAM,Height,
Hardware,RAM,Width,
Hardware,RAM,Shipping Length,
Hardware,RAM,Shipping Height,
Hardware,RAM,Shipping Width,
Hardware,RAM,Technical Notes,
Hardware,RAM,Brand,
Hardware,RAM,Defining Spec 1,
Hardware,RAM,Defining Spec 2,
Hardware,RAM,Defining Spec 3,
Hardware,RAM,Customer Facing Name,
Hardware,RAM,Customer Facing Short Name,
Hardware,RAM,Meta Title,
Hardware,RAM,Short Description,
Hardware,RAM,Meta Description,
Hardware,RAM,Benefit 1,
Hardware,RAM,Benefit 2,
Hardware,RAM,Benefit 3,
Hardware,RAM,Regulatory Certifications,
Hardware,RAM,Regulatory Notes,
Hardware,RAM,Regulatory Restrictions,
Hardware -> Components,RAM,Product Change Notes,
Hardware -> Components,RAM,Manufacturer Product Link,
Hardware -> Components,RAM,Manufacturer Warranty,
Hardware -> Components,RAM,Manufacturer Expected Lifecycle,
Hardware -> Components,RAM,Manufacturer Launch Date,
Hardware -> Components,RAM,Tagged Applications,
Hardware -> Components,RAM,Tagged Industries,
Hardware -> Components,RAM,Tagged Solutions,
Hardware -> Components,RAM,Reporting Category,
Hardware -> Components,RAM,GTIN,
,Motherboards,RAM Slots Count,
,Motherboards,Motherboard Form Factor,
,Motherboards,Temperature (Operating Maximum),
,Motherboards,Temperature (Operating Minimum),
,Motherboards,Expansion Options,
,Motherboards,RAM Capacity,
,Motherboards,RAM Type,
,Motherboards,RAM Speed,
,Motherboards,Graphics/GPU,
,Motherboards,Processor Generation,
,Motherboards,Processor Model,
,Motherboards,Shock Tolerance (Non-operating),
,Motherboards,Shock Tolerance (Operating),
,Motherboards,Humidity (Operating Maximum),
,Motherboards,Humidity (Operating Minimum),
,Motherboards,Vibration Tolerance (Non-operating),
,Motherboards,Vibration Tolerance (Operating),
,Motherboards,Motherboard Raid Support,
,Motherboards,Input Voltage Maximum,
,Motherboards,Input Voltage Minimum,
,Motherboards,Input/Output (dictionary),
,Motherboards,Power Automotive Features,
Hardware,Motherboards,Weight,
Hardware,Motherboards,Length,
Hardware,Motherboards,Height,
Hardware,Motherboards,Width,
Hardware,Motherboards,Shipping Length,
Hardware,Motherboards,Shipping Height,
Hardware,Motherboards,Shipping Width,
Hardware,Motherboards,Technical Notes,
Hardware,Motherboards,Brand,
Hardware,Motherboards,Defining Spec 1,
Hardware,Motherboards,Defining Spec 2,
Hardware,Motherboards,Defining Spec 3,
Hardware,Motherboards,Customer Facing Name,
Hardware,Motherboards,Customer Facing Short Name,
Hardware,Motherboards,Meta Title,
Hardware,Motherboards,Short Description,
Hardware,Motherboards,Meta Description,
Hardware,Motherboards,Benefit 1,
Hardware,Motherboards,Benefit 2,
Hardware,Motherboards,Benefit 3,
Hardware,Motherboards,Regulatory Certifications,
Hardware,Motherboards,Regulatory Notes,
Hardware,Motherboards,Regulatory Restrictions,
Hardware -> Components,Motherboards,Product Change Notes,
Hardware -> Components,Motherboards,Manufacturer Product Link,
Hardware -> Components,Motherboards,Manufacturer Warranty,
Hardware -> Components,Motherboards,Manufacturer Expected Lifecycle,
Hardware -> Components,Motherboards,Manufacturer Launch Date,
Hardware -> Components,Motherboards,Tagged Applications,
Hardware -> Components,Motherboards,Tagged Industries,
Hardware -> Components,Motherboards,Tagged Solutions,
Hardware -> Components,Motherboards,Reporting Category,
Hardware -> Components,Motherboards,GTIN,
Hardware,Integrated Chips,Weight,
Hardware,Integrated Chips,Length,
Hardware,Integrated Chips,Height,
Hardware,Integrated Chips,Width,
Hardware,Integrated Chips,Shipping Length,
Hardware,Integrated Chips,Shipping Height,
Hardware,Integrated Chips,Shipping Width,
Hardware,Integrated Chips,Technical Notes,
Hardware,Integrated Chips,Brand,
Hardware,Integrated Chips,Defining Spec 1,
Hardware,Integrated Chips,Defining Spec 2,
Hardware,Integrated Chips,Defining Spec 3,
Hardware,Integrated Chips,Customer Facing Name,
Hardware,Integrated Chips,Customer Facing Short Name,
Hardware,Integrated Chips,Meta Title,
Hardware,Integrated Chips,Short Description,
Hardware,Integrated Chips,Meta Description,
Hardware,Integrated Chips,Benefit 1,
Hardware,Integrated Chips,Benefit 2,
Hardware,Integrated Chips,Benefit 3,
Hardware,Integrated Chips,Regulatory Certifications,
Hardware,Integrated Chips,Regulatory Notes,
Hardware,Integrated Chips,Regulatory Restrictions,
Hardware -> Components,Integrated Chips,Product Change Notes,
Hardware -> Components,Integrated Chips,Manufacturer Product Link,
Hardware -> Components,Integrated Chips,Manufacturer Warranty,
Hardware -> Components,Integrated Chips,Manufacturer Expected Lifecycle,
Hardware -> Components,Integrated Chips,Manufacturer Launch Date,
Hardware -> Components,Integrated Chips,Tagged Applications,
Hardware -> Components,Integrated Chips,Tagged Industries,
Hardware -> Components,Integrated Chips,Tagged Solutions,
Hardware -> Components,Integrated Chips,Reporting Category,
Hardware -> Components,Integrated Chips,GTIN,
Hardware -> Components -> Motherboards,Integrated Chips,RAM Slots Count,
Hardware -> Components -> Motherboards,Integrated Chips,Motherboard Form Factor,
Hardware -> Components -> Motherboards,Integrated Chips,Temperature (Operating Maximum),
Hardware -> Components -> Motherboards,Integrated Chips,Temperature (Operating Minimum),
Hardware -> Components -> Motherboards,Integrated Chips,Expansion Options,
Hardware -> Components -> Motherboards,Integrated Chips,RAM Capacity,
Hardware -> Components -> Motherboards,Integrated Chips,RAM Type,
Hardware -> Components -> Motherboards,Integrated Chips,RAM Speed,
Hardware -> Components -> Motherboards,Integrated Chips,Graphics/GPU,
Hardware -> Components -> Motherboards,Integrated Chips,Processor Generation,
Hardware -> Components -> Motherboards,Integrated Chips,Processor Model,
Hardware -> Components -> Motherboards,Integrated Chips,Shock Tolerance (Non-operating),
Hardware -> Components -> Motherboards,Integrated Chips,Shock Tolerance (Operating),
Hardware -> Components -> Motherboards,Integrated Chips,Humidity (Operating Maximum),
Hardware -> Components -> Motherboards,Integrated Chips,Humidity (Operating Minimum),
Hardware -> Components -> Motherboards,Integrated Chips,Vibration Tolerance (Non-operating),
Hardware -> Components -> Motherboards,Integrated Chips,Vibration Tolerance (Operating),
Hardware -> Components -> Motherboards,Integrated Chips,Motherboard Raid Support,
Hardware -> Components -> Motherboards,Integrated Chips,Input Voltage Maximum,
Hardware -> Components -> Motherboards,Integrated Chips,Input Voltage Minimum,
Hardware -> Components -> Motherboards,Integrated Chips,Input/Output (dictionary),
Hardware -> Components -> Motherboards,Integrated Chips,Power Automotive Features,
Hardware,Tablet,Weight,
Hardware,Tablet,Length,
Hardware,Tablet,Height,
Hardware,Tablet,Width,
Hardware,Tablet,Shipping Length,
Hardware,Tablet,Shipping Height,
Hardware,Tablet,Shipping Width,
Hardware,Tablet,Technical Notes,
Hardware,Tablet,Brand,
Hardware,Tablet,Defining Spec 1,
Hardware,Tablet,Defining Spec 2,
Hardware,Tablet,Defining Spec 3,
Hardware,Tablet,Customer Facing Name,
Hardware,Tablet,Customer Facing Short Name,
Hardware,Tablet,Meta Title,
Hardware,Tablet,Short Description,
Hardware,Tablet,Meta Description,
Hardware,Tablet,Benefit 1,
Hardware,Tablet,Benefit 2,
Hardware,Tablet,Benefit 3,
Hardware,Tablet,Regulatory Certifications,
Hardware,Tablet,Regulatory Notes,
Hardware,Tablet,Regulatory Restrictions,
Hardware -> Components,Tablet,Product Change Notes,
Hardware -> Components,Tablet,Manufacturer Product Link,
Hardware -> Components,Tablet,Manufacturer Warranty,
Hardware -> Components,Tablet,Manufacturer Expected Lifecycle,
Hardware -> Components,Tablet,Manufacturer Launch Date,
Hardware -> Components,Tablet,Tagged Applications,
Hardware -> Components,Tablet,Tagged Industries,
Hardware -> Components,Tablet,Tagged Solutions,
Hardware -> Components,Tablet,Reporting Category,
Hardware -> Components,Tablet,GTIN,
Hardware -> Components -> Motherboards,Tablet,RAM Slots Count,
Hardware -> Components -> Motherboards,Tablet,Motherboard Form Factor,
Hardware -> Components -> Motherboards,Tablet,Temperature (Operating Maximum),
Hardware -> Components -> Motherboards,Tablet,Temperature (Operating Minimum),
Hardware -> Components -> Motherboards,Tablet,Expansion Options,
Hardware -> Components -> Motherboards,Tablet,RAM Capacity,
Hardware -> Components -> Motherboards,Tablet,RAM Type,
Hardware -> Components -> Motherboards,Tablet,RAM Speed,
Hardware -> Components -> Motherboards,Tablet,Graphics/GPU,
Hardware -> Components -> Motherboards,Tablet,Processor Generation,
Hardware -> Components -> Motherboards,Tablet,Processor Model,
Hardware -> Components -> Motherboards,Tablet,Shock Tolerance (Non-operating),
Hardware -> Components -> Motherboards,Tablet,Shock Tolerance (Operating),
Hardware -> Components -> Motherboards,Tablet,Humidity (Operating Maximum),
Hardware -> Components -> Motherboards,Tablet,Humidity (Operating Minimum),
Hardware -> Components -> Motherboards,Tablet,Vibration Tolerance (Non-operating),
Hardware -> Components -> Motherboards,Tablet,Vibration Tolerance (Operating),
Hardware -> Components -> Motherboards,Tablet,Motherboard Raid Support,
Hardware -> Components -> Motherboards,Tablet,Input Voltage Maximum,
Hardware -> Components -> Motherboards,Tablet,Input Voltage Minimum,
Hardware -> Components -> Motherboards,Tablet,Input/Output (dictionary),
Hardware -> Components -> Motherboards,Tablet,Power Automotive Features,
,Processors,Processor Cores,
,Processors,Processor Threads,
,Processors,Processor Cache,
,Processors,Processor TDP,
,Processors,Processor Tjunction/Tmax (Intel),
,Processors,Processor Turbo Frequency Maximum,
,Processors,Processor Model,
,Processors,Processor Socket,
,Processors,Graphics/GPU,
,Processors,RAM Capacity,
,Processors,Marketing Description,
,Processors,RAM Channels,
,Processors,RAM Type,
,Processors,Processor Generation,
,Processors,Processor Clock Speed,
,Processors,Power Consumption,
,Processors,Input Voltage Maximum,
,Processors,Input Voltage Minimum,
Hardware,Processors,Weight,
Hardware,Processors,Length,
Hardware,Processors,Height,
Hardware,Processors,Width,
Hardware,Processors,Shipping Length,
Hardware,Processors,Shipping Height,
Hardware,Processors,Shipping Width,
Hardware,Processors,Technical Notes,
Hardware,Processors,Brand,
Hardware,Processors,Defining Spec 1,
Hardware,Processors,Defining Spec 2,
Hardware,Processors,Defining Spec 3,
Hardware,Processors,Customer Facing Name,
Hardware,Processors,Customer Facing Short Name,
Hardware,Processors,Meta Title,
Hardware,Processors,Short Description,
Hardware,Processors,Meta Description,
Hardware,Processors,Benefit 1,
Hardware,Processors,Benefit 2,
Hardware,Processors,Benefit 3,
Hardware,Processors,Regulatory Certifications,
Hardware,Processors,Regulatory Notes,
Hardware,Processors,Regulatory Restrictions,
Hardware -> Components,Processors,Product Change Notes,
Hardware -> Components,Processors,Manufacturer Product Link,
Hardware -> Components,Processors,Manufacturer Warranty,
Hardware -> Components,Processors,Manufacturer Expected Lifecycle,
Hardware -> Components,Processors,Manufacturer Launch Date,
Hardware -> Components,Processors,Tagged Applications,
Hardware -> Components,Processors,Tagged Industries,
Hardware -> Components,Processors,Tagged Solutions,
Hardware -> Components,Processors,Reporting Category,
Hardware -> Components,Processors,GTIN,
,SSD,SSD Capacity,
,SSD,SSD Read Speed,
,SSD,SSD Options,
,SSD,SSD Disk Features,
,SSD,SSD SATA Interface,
,SSD,SSD Flash RAM Type,
,SSD,SSD Write Speed,
,SSD,Vibration Tolerance (Operating),
,SSD,Vibration Tolerance (Non-operating),
,SSD,Shock Tolerance (Non-operating),
,SSD,Shock Tolerance (Operating),
,SSD,Temperature (Operating Maximum),
,SSD,Temperature (Operating Minimum),
,SSD,Power Consumption,
,SSD,Input/Output (dictionary),
,SSD,Input Voltage Minimum,
,SSD,Input Voltage Maximum,
Hardware,SSD,Weight,
Hardware,SSD,Length,
Hardware,SSD,Height,
Hardware,SSD,Width,
Hardware,SSD,Shipping Length,
Hardware,SSD,Shipping Height,
Hardware,SSD,Shipping Width,
Hardware,SSD,Technical Notes,
Hardware,SSD,Brand,
Hardware,SSD,Defining Spec 1,
Hardware,SSD,Defining Spec 2,
Hardware,SSD,Defining Spec 3,
Hardware,SSD,Customer Facing Name,
Hardware,SSD,Customer Facing Short Name,
Hardware,SSD,Meta Title,
Hardware,SSD,Short Description,
Hardware,SSD,Meta Description,
Hardware,SSD,Benefit 1,
Hardware,SSD,Benefit 2,
Hardware,SSD,Benefit 3,
Hardware,SSD,Regulatory Certifications,
Hardware,SSD,Regulatory Notes,
Hardware,SSD,Regulatory Restrictions,
Hardware -> Components,SSD,Product Change Notes,
Hardware -> Components,SSD,Manufacturer Product Link,
Hardware -> Components,SSD,Manufacturer Warranty,
Hardware -> Components,SSD,Manufacturer Expected Lifecycle,
Hardware -> Components,SSD,Manufacturer Launch Date,
Hardware -> Components,SSD,Tagged Applications,
Hardware -> Components,SSD,Tagged Industries,
Hardware -> Components,SSD,Tagged Solutions,
Hardware -> Components,SSD,Reporting Category,
Hardware -> Components,SSD,GTIN,
Hardware,HDD,Weight,
Hardware,HDD,Length,
Hardware,HDD,Height,
Hardware,HDD,Width,
Hardware,HDD,Shipping Length,
Hardware,HDD,Shipping Height,
Hardware,HDD,Shipping Width,
Hardware,HDD,Technical Notes,
Hardware,HDD,Brand,
Hardware,HDD,Defining Spec 1,
Hardware,HDD,Defining Spec 2,
Hardware,HDD,Defining Spec 3,
Hardware,HDD,Customer Facing Name,
Hardware,HDD,Customer Facing Short Name,
Hardware,HDD,Meta Title,
Hardware,HDD,Short Description,
Hardware,HDD,Meta Description,
Hardware,HDD,Benefit 1,
Hardware,HDD,Benefit 2,
Hardware,HDD,Benefit 3,
Hardware,HDD,Regulatory Certifications,
Hardware,HDD,Regulatory Notes,
Hardware,HDD,Regulatory Restrictions,
Hardware -> Components,HDD,Product Change Notes,
Hardware -> Components,HDD,Manufacturer Product Link,
Hardware -> Components,HDD,Manufacturer Warranty,
Hardware -> Components,HDD,Manufacturer Expected Lifecycle,
Hardware -> Components,HDD,Manufacturer Launch Date,
Hardware -> Components,HDD,Tagged Applications,
Hardware -> Components,HDD,Tagged Industries,
Hardware -> Components,HDD,Tagged Solutions,
Hardware -> Components,HDD,Reporting Category,
Hardware -> Components,HDD,GTIN,
Hardware -> Components -> SSD,HDD,SSD Capacity,
Hardware -> Components -> SSD,HDD,SSD Read Speed,
Hardware -> Components -> SSD,HDD,SSD Options,
Hardware -> Components -> SSD,HDD,SSD Disk Features,
Hardware -> Components -> SSD,HDD,SSD SATA Interface,
Hardware -> Components -> SSD,HDD,SSD Flash RAM Type,
Hardware -> Components -> SSD,HDD,SSD Write Speed,
Hardware -> Components -> SSD,HDD,Vibration Tolerance (Operating),
Hardware -> Components -> SSD,HDD,Vibration Tolerance (Non-operating),
Hardware -> Components -> SSD,HDD,Shock Tolerance (Non-operating),
Hardware -> Components -> SSD,HDD,Shock Tolerance (Operating),
Hardware -> Components -> SSD,HDD,Temperature (Operating Maximum),
Hardware -> Components -> SSD,HDD,Temperature (Operating Minimum),
Hardware -> Components -> SSD,HDD,Power Consumption,
Hardware -> Components -> SSD,HDD,Input/Output (dictionary),
Hardware -> Components -> SSD,HDD,Input Voltage Minimum,
Hardware -> Components -> SSD,HDD,Input Voltage Maximum,
,Games,Defining Spec 3,
,Games,Defining Spec 2,
,Games,Defining Spec 1,
,Games,Meta Description,
,Games,Short Description,
,Games,Marketing Description,
,Games,Meta Title,
,Games,Customer Facing Short Name,
,Games,Customer Facing Name,
,Games,Product Change Notes,
,Games,Benefit 1,
Virtual,Wireless Service,Defining Spec 3,
Virtual,Wireless Service,Defining Spec 2,
Virtual,Wireless Service,Defining Spec 1,
Virtual,Wireless Service,Meta Description,
Virtual,Wireless Service,Short Description,
Virtual,Wireless Service,Marketing Description,
Virtual,Wireless Service,Meta Title,
Virtual,Wireless Service,Customer Facing Short Name,
Virtual,Wireless Service,Customer Facing Name,
Virtual,Wireless Service,Product Change Notes,
Virtual,Wireless Service,Benefit 1,
,Warranty,End of Life Date,
,Warranty,Launch Date,
,Warranty,Expected Lifespan,
Virtual,Warranty,Defining Spec 3,
Virtual,Warranty,Defining Spec 2,
Virtual,Warranty,Defining Spec 1,
Virtual,Warranty,Meta Description,
Virtual,Warranty,Short Description,
Virtual,Warranty,Marketing Description,
Virtual,Warranty,Meta Title,
Virtual,Warranty,Customer Facing Short Name,
Virtual,Warranty,Customer Facing Name,
Virtual,Warranty,Product Change Notes,
Virtual,Warranty,Benefit 1,
,S/W Subscription ,OS Minimum Footprint,
Virtual,S/W Subscription,Defining Spec 3,
Virtual,S/W Subscription,Defining Spec 2,
Virtual,S/W Subscription,Defining Spec 1,
Virtual,S/W Subscription,Meta Description,
Virtual,S/W Subscription,Short Description,
Virtual,S/W Subscription,Marketing Description,
Virtual,S/W Subscription,Meta Title,
Virtual,S/W Subscription,Customer Facing Short Name,
Virtual,S/W Subscription,Customer Facing Name,
Virtual,S/W Subscription,Product Change Notes,
Virtual,S/W Subscription,Benefit 1,